Id,Label,Interval,Modularity Class,Component ID,Grado con pesos,Grado,giantcomponent
2598.0,speculate,,14,0,15.1571596563,14,0
2611.0,grip,,14,0,15.1571596563,14,0
5030.0,recruit,,14,0,13.0521189198,17,0
4969.0,biology,,14,0,12.2456837893,9,0
5006.0,enrollment,,14,0,12.2456837893,9,0
5019.0,academic,,14,0,12.2456837893,9,0
5020.0,scholar,,14,0,12.2456837893,9,0
2591.0,newsman,,14,0,11.2682047188,16,0
2603.0,mad,,14,0,11.0337407589,11,0
923.0,stay,,14,0,10.6072225273,7,0
