Id,Label,Interval,Modularity Class,Component ID,Grado con pesos,Grado,giantcomponent
482.0,estimate,,5,0,24.4941690713,29,0
581.0,proposal,,5,0,24.3684006631,14,0
554.0,residential,,5,0,19.7079741955,20,0
559.0,outlay,,5,0,18.3271239698,21,0
459.0,approval,,5,0,17.4590167999,16,0
2076.0,victim,,5,0,17.3912744075,17,0
364.0,increase,,5,0,17.2862025797,14,0
498.0,personal,,5,0,14.3840117753,10,0
904.0,payment,,5,0,14.1531484127,13,0
610.0,requirement,,5,0,14.0936705768,12,0
