Id,Label,Interval,Modularity Class,Component ID,Grado con pesos,Grado,giantcomponent
206.0,prison,,1,0,21.1576409489,17,0
316.0,approve,,1,0,16.0187202394,12,0
20.0,term,,1,0,15.9108015448,21,0
315.0,bond,,1,0,14.1676988676,8,0
198.0,permit,,1,0,13.3878653198,14,0
67.0,believe,,1,0,11.9296685159,12,0
517.0,violate,,1,0,10.047869578,12,0
789.0,courtroom,,1,0,8.80030333996,6,0
865.0,vindication,,1,0,8.80030333996,6,0
920.0,stagger,,1,0,8.80030333996,6,0
