Id,Label,Interval,Modularity Class,Component ID,Grado con pesos,Grado,giantcomponent
2762.0,golfer,,16,0,20.690369904,16,0
2763.0,par,,16,0,20.690369904,16,0
2772.0,fairway,,16,0,20.690369904,16,0
2818.0,tee,,16,0,20.690369904,16,0
2820.0,bunker,,16,0,20.690369904,16,0
2775.0,slice,,16,0,19.6604898721,21,0
2822.0,soft,,16,0,19.6604898721,21,0
2976.0,setting,,16,0,16.5333415419,23,0
2977.0,italian,,16,0,16.5333415419,23,0
1867.0,chapter,,16,0,16.3190073743,20,0
