Id,Label,Interval,Modularity Class,Component ID,Grado con pesos,Grado,giantcomponent
2074.0,sentence,,25,0,22.9521088898,14,0
529.0,enact,,25,0,20.785385713,26,0
1362.0,vehicle,,25,0,17.9736387581,18,0
153.0,citizen,,25,0,17.9622129202,14,0
2934.0,sister,,25,0,16.2134072036,15,0
3882.0,interfere,,25,0,16.0827397406,18,0
3091.0,die,,25,0,15.7493338138,13,0
837.0,prosecution,,25,0,15.6910642385,12,0
838.0,unfair,,25,0,15.6910642385,12,0
855.0,constitute,,25,0,15.6910642385,12,0
