Id,Label,Interval,Modularity Class,Component ID,Grado con pesos,Grado,giantcomponent
1016.0,very,,6,0,20.5590492561,22,0
4968.0,scheme,,6,0,16.7398287058,11,0
4987.0,protective,,6,0,16.7398287058,11,0
5014.0,brand,,6,0,16.7398287058,11,0
5029.0,paradox,,6,0,16.7398287058,11,0
5045.0,substitute,,6,0,16.7398287058,11,0
5059.0,artificial,,6,0,16.7398287058,11,0
3389.0,vary,,6,0,16.1942336112,20,0
1332.0,stem,,6,0,14.7056684047,23,0
3947.0,mechanism,,6,0,13.7127399743,20,0
