Id,Label,Interval,Modularity Class,Component ID,Grado con pesos,Grado,giantcomponent
1636.0,pledge,,9,0,11.8738913536,15,0
1661.0,tract,,9,0,11.7035424188,10,0
1568.0,discredited,,9,0,10.5920628905,6,0
1591.0,desperate,,9,0,10.5920628905,6,0
1607.0,repay,,9,0,10.5920628905,6,0
1657.0,hoodlum,,9,0,10.5920628905,6,0
1665.0,conservation,,9,0,10.5920628905,6,0
2064.0,animal,,9,0,7.27587020397,9,0
2108.0,teamster,,9,0,7.27587020397,9,0
17.0,manner,,9,0,5.38768315315,3,0
