Id,Label,Interval,Modularity Class,Component ID,Grado con pesos,Grado,giantcomponent
4206.0,implement,,23,0,16.1371946931,16,0
840.0,significance,,23,0,15.9856182933,19,0
3903.0,scientific,,23,0,13.2788235992,16,0
2578.0,organ,,23,0,13.1641852036,15,0
2653.0,arrangement,,23,0,12.8308030963,9,0
4904.0,informal,,23,0,12.6511488557,9,0
4916.0,illusion,,23,0,12.6511488557,9,0
4923.0,broad,,23,0,12.6511488557,9,0
4932.0,fatal,,23,0,12.6511488557,9,0
4955.0,initiative,,23,0,12.6511488557,9,0
