Id,Label,Interval,Modularity Class,Component ID,Grado con pesos,Grado,giantcomponent
267.0,vote,,0,0,74.1021077335,51,0
4.0,election,,0,0,61.943268612,41,0
33.0,voter,,0,0,39.3848022223,29,0
64.0,government,,0,0,39.0482491478,33,0
352.0,tax,,0,0,34.9038235024,30,0
242.0,candidate,,0,0,34.3172605187,18,0
266.0,force,,0,0,33.8162699789,28,0
66.0,propose,,0,0,32.3520905524,26,0
100.0,federal,,0,0,31.6903190687,35,0
116.0,state,,0,0,31.1114725545,22,0
