Id,Label,Interval,Modularity Class,Component ID,Grado con pesos,Grado,giantcomponent
1060.0,advance,,8,0,32.8996567801,21,0
1026.0,understand,,8,0,28.7065229043,20,0
670.0,development,,8,0,25.1007698774,17,0
1697.0,weakness,,8,0,16.234431386,13,0
1014.0,understanding,,8,0,15.5003486499,24,0
555.0,budget,,8,0,14.9643168747,12,0
862.0,process,,8,0,14.40279378,13,0
1567.0,reference,,8,0,12.7388666868,14,0
1142.0,apparent,,8,0,11.4902448952,10,0
1035.0,difficulty,,8,0,11.3314315826,10,0
