Id,Label,Interval,Modularity Class,Component ID,Grado con pesos,Grado,giantcomponent
2891.0,blond,,12,0,15.4827219844,17,0
2901.0,possess,,12,0,15.4827219844,17,0
2917.0,mantle,,12,0,15.4827219844,17,0
2324.0,bunt,,12,0,12.7304887772,14,0
2358.0,shortstop,,12,0,12.7304887772,14,0
2390.0,teammate,,12,0,12.7304887772,14,0
2894.0,ultimate,,12,0,12.2662621066,17,0
2066.0,catcher,,12,0,11.3040575013,15,0
2919.0,thin,,12,0,10.9846493155,13,0
2872.0,recall,,12,0,9.93404622376,15,0
