Id,Label,Interval,Modularity Class,Component ID,Grado con pesos,Grado,giantcomponent
1149.0,consultation,,4,0,41.8271931931,49,0
1175.0,prevent,,4,0,35.9383976031,30,0
972.0,reaction,,4,0,34.2553013116,26,0
1037.0,ally,,4,0,34.026968576,41,0
1229.0,diplomatic,,4,0,34.026968576,41,0
169.0,political,,4,0,33.9718849808,27,0
1022.0,climate,,4,0,33.1499044001,24,0
1088.0,global,,4,0,32.5985236764,24,0
1148.0,timely,,4,0,32.5985236764,24,0
1184.0,inclination,,4,0,32.5985236764,24,0
