Id,Label,Interval,Modularity Class,Component ID,Grado con pesos,Grado,giantcomponent
3384.0,market,,10,0,37.6279151812,35,0
1448.0,product,,10,0,29.9264082313,17,0
4094.0,production,,10,0,25.6797660738,27,0
1357.0,equipment,,10,0,22.4271268845,25,0
4046.0,earning,,10,0,20.4574256241,33,0
179.0,price,,10,0,20.4423170164,23,0
1551.0,industry,,10,0,20.2054375708,22,0
4032.0,investor,,10,0,19.7702116892,32,0
2289.0,yield,,10,0,19.2197717726,12,0
3345.0,improvement,,10,0,19.0698316097,23,0
