Id,Label,Interval,Modularity Class,Component ID,Grado con pesos,Grado,giantcomponent
3361.0,murder,,24,0,13.8694132715,18,0
444.0,death,,24,0,13.1833547875,16,0
3582.0,collection,,24,0,12.2604854554,12,0
3520.0,appeal,,24,0,11.860155724,10,0
3636.0,institution,,24,0,11.5116222277,13,0
3662.0,existence,,24,0,11.5116222277,13,0
2210.0,delegate,,24,0,11.4510037452,16,0
3583.0,faculty,,24,0,11.2654230297,12,0
3640.0,grade,,24,0,11.2311308309,16,0
2942.0,uncle,,24,0,11.1851125732,15,0
