Id,Label,Interval,Modularity Class,Component ID,Grado con pesos,Grado,giantcomponent
1721.0,taxi,,7,0,22.6571421176,21,0
3921.0,halt,,7,0,19.3923662305,12,0
3928.0,cockpit,,7,0,19.3923662305,12,0
3932.0,bomber,,7,0,19.3923662305,12,0
3933.0,runway,,7,0,19.3923662305,12,0
3936.0,jet,,7,0,19.3923662305,12,0
3939.0,pilot,,7,0,19.3923662305,12,0
3950.0,engine,,7,0,19.3923662305,12,0
3966.0,landing,,7,0,19.3923662305,12,0
3321.0,automatic,,7,0,19.0645180419,24,0
