Id,Label,Interval,Modularity Class,Component ID,Grado con pesos,Grado,giantcomponent
2125.0,front,,11,0,9.30246181786,15,0
5182.0,chinese,,11,0,9.25561624765,7,0
5188.0,transport,,11,0,9.25561624765,7,0
5256.0,ante,,11,0,9.25561624765,7,0
5266.0,presidency,,11,0,9.25561624765,7,0
2292.0,deadlock,,11,0,9.19532904029,17,0
3169.0,heat,,11,0,8.6750202924,10,0
2170.0,rebel,,11,0,8.52881540358,13,0
1306.0,err,,11,0,8.49164091051,9,0
2510.0,treatment,,11,0,8.20766317844,9,0
