Id,Label,Interval,Modularity Class,Component ID,Grado con pesos,Grado,giantcomponent
1516.0,cocktail,,17,0,47.4607556015,26,0
3054.0,wear,,17,0,45.5821433961,33,0
3280.0,lady,,17,0,40.4794275761,27,0
2928.0,marriage,,17,0,38.2980145216,24,0
3097.0,guest,,17,0,36.539145261,28,0
3096.0,orchestra,,17,0,36.4393952042,19,0
3189.0,pink,,17,0,36.1221423075,40,0
2969.0,invitation,,17,0,35.9159713537,19,0
3283.0,chic,,17,0,34.81322667,31,0
761.0,color,,17,0,34.4725890383,22,0
