Id,Label,Interval,Modularity Class,Component ID,Grado con pesos,Grado,giantcomponent
2205.0,dinner,,20,0,22.3284110725,14,0
799.0,honor,,20,0,20.463757515,9,0
2161.0,father,,20,0,14.6317338943,13,0
1477.0,movement,,20,0,14.5586974844,16,0
1350.0,headquarters,,20,0,14.246995084,12,0
493.0,book,,20,0,13.5659908205,16,0
3783.0,guidance,,20,0,13.53740336,13,0
4637.0,library,,20,0,13.0459690914,14,0
3476.0,advanced,,20,0,11.8341403753,19,0
3512.0,bag,,20,0,11.8341403753,19,0
