Id,Label,Interval,Modularity Class,Component ID,Grado con pesos,Grado,giantcomponent
1345.0,hire,,2,0,16.3324500918,11,0
1470.0,assure,,2,0,15.0955454707,10,0
1498.0,sewer,,2,0,14.757926546,19,0
383.0,reject,,2,0,13.4912112355,13,0
378.0,privilege,,2,0,13.3967299163,11,0
21.0,investigate,,2,0,13.3668914735,15,0
204.0,employe,,2,0,12.8396683633,12,0
233.0,brief,,2,0,12.0738097727,16,0
324.0,adjustment,,2,0,12.0738097727,16,0
1497.0,provision,,2,0,11.3155919388,12,0
