Id,Label,Interval,Modularity Class,Component ID,Grado con pesos,Grado,giantcomponent
2602.0,conductor,,15,0,12.8793961331,14,0
4715.0,style,,15,0,10.5212347656,8,0
2126.0,wheel,,15,0,10.2449007779,14,0
4734.0,roman,,15,0,8.85015118122,7,0
4765.0,poet,,15,0,8.85015118122,7,0
4772.0,austere,,15,0,8.85015118122,7,0
2553.0,viewer,,15,0,7.70169103146,6,0
2628.0,sigh,,15,0,7.70169103146,6,0
2635.0,meaningless,,15,0,7.70169103146,6,0
4152.0,dull,,15,0,7.46623432636,8,0
