Id,Label,Interval,Modularity Class,Component ID,Grado con pesos,Grado,giantcomponent
4579.0,stick,,21,0,15.5196868032,24,0
4568.0,instrument,,21,0,15.3036863804,10,0
4599.0,skip,,21,0,15.3036863804,10,0
4616.0,pianist,,21,0,15.3036863804,10,0
4631.0,ballet,,21,0,15.3036863804,10,0
4632.0,performer,,21,0,15.3036863804,10,0
4633.0,symphony,,21,0,15.3036863804,10,0
4651.0,enthrall,,21,0,15.3036863804,10,0
2888.0,talent,,21,0,14.6704984605,10,0
4655.0,vow,,21,0,14.3896063343,16,0
