Id,Label,Interval,Modularity Class,Component ID,Grado con pesos,Grado,giantcomponent
659.0,majority,,19,0,12.5392673165,18,0
726.0,associate,,19,0,11.8016619086,7,0
644.0,lieutenant,,19,0,11.7355430648,10,0
762.0,underlie,,19,0,10.2588592246,13,0
521.0,undermine,,19,0,10.2160899043,10,0
587.0,senate,,19,0,10.2160899043,10,0
701.0,normal,,19,0,10.2160899043,10,0
658.0,legislative,,19,0,10.1176937968,11,0
764.0,extension,,19,0,9.2418269217,13,0
489.0,fiscal,,19,0,9.09517617524,9,0
