Id,Label,Interval,Modularity Class,Component ID,Grado con pesos,Grado,giantcomponent
772.0,police,,3,0,59.9573815838,47,0
331.0,construction,,3,0,36.8864463121,34,0
10.0,jury,,3,0,31.4183323085,19,0
219.0,attorney,,3,0,31.0277243555,26,0
470.0,hearing,,3,0,30.2935812026,33,0
798.0,admit,,3,0,29.5413843617,25,0
138.0,fire,,3,0,29.2207561135,17,0
28.0,receive,,3,0,28.1653777957,21,0
1000.0,cabinet,,3,0,26.2667128593,24,0
222.0,property,,3,0,25.6138330996,24,0
