Id,Label,Interval,Modularity Class,Component ID,Grado con pesos,Grado,giantcomponent
3223.0,fun,,18,0,31.4950433522,32,0
4279.0,designer,,18,0,30.5694586858,30,0
4461.0,yellow,,18,0,30.5694586858,30,0
3273.0,ballroom,,18,0,26.7968227565,27,0
3016.0,handsome,,18,0,26.6047111377,31,0
4301.0,charm,,18,0,23.2019879892,26,0
4287.0,showing,,18,0,21.5013000369,16,0
4342.0,charming,,18,0,21.5013000369,16,0
4371.0,bake,,18,0,21.5013000369,16,0
4408.0,decorate,,18,0,21.5013000369,16,0
