Id,Label,Interval,Modularity Class,Component ID,Grado con pesos,Grado,giantcomponent
529.0,enact,,25,0,20.785385713,26,0
894.0,employer,,25,0,14.4610906243,26,0
778.0,criminal,,25,0,8.98218247294,25,0
3467.0,missile,,25,0,10.8210060522,24,0
704.0,credit,,25,0,13.0035594702,22,0
779.0,disclosure,,25,0,11.5443713591,21,0
914.0,excess,,25,0,12.1161576062,21,0
936.0,freedom,,25,0,14.4427271783,21,0
3491.0,indictment,,25,0,14.2949105054,20,0
3506.0,convict,,25,0,14.2949105054,20,0
