Id,Label,Interval,Modularity Class,Component ID,Grado con pesos,Grado,giantcomponent
3189.0,pink,,17,0,36.1221423075,40,0
2967.0,gown,,17,0,30.8767705187,34,0
3023.0,entertain,,17,0,30.8767705187,34,0
3054.0,wear,,17,0,45.5821433961,33,0
3283.0,chic,,17,0,34.81322667,31,0
2978.0,engagement,,17,0,21.7875420153,30,0
4293.0,wardrobe,,17,0,24.4596733376,30,0
2947.0,buffet,,17,0,19.6069636494,29,0
2939.0,publicity,,17,0,29.7137415037,28,0
3097.0,guest,,17,0,36.539145261,28,0
