Id,Label,Interval,Modularity Class,Component ID,Grado con pesos,Grado,giantcomponent
3321.0,automatic,,7,0,19.0645180419,24,0
3881.0,farmer,,7,0,14.5975335985,22,0
1721.0,taxi,,7,0,22.6571421176,21,0
3567.0,fuel,,7,0,16.9584721625,21,0
1253.0,disclose,,7,0,12.894105576,19,0
1326.0,crime,,7,0,14.2168879062,17,0
1762.0,mortgage,,7,0,11.7213203385,15,0
817.0,write,,7,0,6.10591296107,13,0
1449.0,wage,,7,0,12.6423667744,13,0
3921.0,halt,,7,0,19.3923662305,12,0
