Id,Label,Interval,Modularity Class,Component ID,Grado con pesos,Grado,giantcomponent
2292.0,deadlock,,11,0,9.19532904029,17,0
2125.0,front,,11,0,9.30246181786,15,0
2170.0,rebel,,11,0,8.52881540358,13,0
1451.0,catch,,11,0,5.19044906646,12,0
2354.0,slug,,11,0,7.84267683327,12,0
2442.0,physician,,11,0,5.67745283246,12,0
1824.0,tactic,,11,0,4.98892949522,10,0
3169.0,heat,,11,0,8.6750202924,10,0
1306.0,err,,11,0,8.49164091051,9,0
2510.0,treatment,,11,0,8.20766317844,9,0
