Id,Label,Interval,Modularity Class,Component ID,Grado con pesos,Grado,giantcomponent
1466.0,govern,,20,0,9.99903867394,20,0
19.0,conduct,,20,0,9.0764015317,19,0
3476.0,advanced,,20,0,11.8341403753,19,0
3512.0,bag,,20,0,11.8341403753,19,0
493.0,book,,20,0,13.5659908205,16,0
1477.0,movement,,20,0,14.5586974844,16,0
2206.0,organized,,20,0,6.66678249091,16,0
4657.0,fundamental,,20,0,8.07327961177,16,0
1405.0,type,,20,0,9.60439012945,15,0
1622.0,division,,20,0,9.58138244599,15,0
