Id,Label,Interval,Modularity Class,Component ID,Grado con pesos,Grado,giantcomponent
267.0,vote,,0,0,74.1021077335,51,0
4.0,election,,0,0,61.943268612,41,0
135.0,taxpayer,,0,0,30.4639298469,38,0
100.0,federal,,0,0,31.6903190687,35,0
64.0,government,,0,0,39.0482491478,33,0
692.0,method,,0,0,18.0728732944,32,0
352.0,tax,,0,0,34.9038235024,30,0
33.0,voter,,0,0,39.3848022223,29,0
266.0,force,,0,0,33.8162699789,28,0
22.0,report,,0,0,30.0436130539,26,0
