Id,Label,Interval,Modularity Class,Component ID,Grado con pesos,Grado,giantcomponent
20.0,term,,1,0,15.9108015448,21,0
206.0,prison,,1,0,21.1576409489,17,0
198.0,permit,,1,0,13.3878653198,14,0
67.0,believe,,1,0,11.9296685159,12,0
316.0,approve,,1,0,16.0187202394,12,0
517.0,violate,,1,0,10.047869578,12,0
808.0,crisis,,1,0,4.88511893153,12,0
705.0,remainder,,1,0,7.16386546195,11,0
265.0,warn,,1,0,4.73162873089,10,0
1933.0,split,,1,0,6.88054056466,10,0
