Id,Label,Interval,Modularity Class,Component ID,Grado con pesos,Grado,giantcomponent
659.0,majority,,19,0,12.5392673165,18,0
1917.0,enjoy,,19,0,2.30226362497,14,0
762.0,underlie,,19,0,10.2588592246,13,0
764.0,extension,,19,0,9.2418269217,13,0
3383.0,consist,,19,0,5.21820607781,12,0
658.0,legislative,,19,0,10.1176937968,11,0
521.0,undermine,,19,0,10.2160899043,10,0
587.0,senate,,19,0,10.2160899043,10,0
644.0,lieutenant,,19,0,11.7355430648,10,0
701.0,normal,,19,0,10.2160899043,10,0
