Id,Label,Interval,Modularity Class,Component ID,Grado con pesos,Grado,giantcomponent
5030.0,recruit,,14,0,13.0521189198,17,0
2591.0,newsman,,14,0,11.2682047188,16,0
2598.0,speculate,,14,0,15.1571596563,14,0
2611.0,grip,,14,0,15.1571596563,14,0
5228.0,leak,,14,0,8.81284974515,14,0
2318.0,chore,,14,0,8.04535843432,13,0
3327.0,discrepancy,,14,0,3.4762943387,13,0
943.0,qualified,,14,0,5.37328419089,12,0
3182.0,marvel,,14,0,8.72093437612,12,0
2603.0,mad,,14,0,11.0337407589,11,0
