Id,Label,Interval,Modularity Class,Component ID,Grado con pesos,Grado,giantcomponent
482.0,estimate,,5,0,24.4941690713,29,0
559.0,outlay,,5,0,18.3271239698,21,0
554.0,residential,,5,0,19.7079741955,20,0
2062.0,flat,,5,0,13.9846735001,20,0
1192.0,chain,,5,0,13.6468918845,19,0
2090.0,builder,,5,0,7.08642941713,19,0
1067.0,atomic,,5,0,13.7515672743,18,0
1426.0,shopping,,5,0,8.82807264477,17,0
2076.0,victim,,5,0,17.3912744075,17,0
459.0,approval,,5,0,17.4590167999,16,0
