Id,Label,Interval,Modularity Class,Component ID,Grado con pesos,Grado,giantcomponent
1149.0,consultation,,4,0,41.8271931931,49,0
1037.0,ally,,4,0,34.026968576,41,0
1229.0,diplomatic,,4,0,34.026968576,41,0
1238.0,intervention,,4,0,28.3683633506,38,0
1228.0,bloc,,4,0,27.7393701375,35,0
1297.0,neutralist,,4,0,27.7393701375,35,0
1057.0,bitter,,4,0,22.5169029683,32,0
1051.0,tension,,4,0,19.7045351565,31,0
1175.0,prevent,,4,0,35.9383976031,30,0
1061.0,allied,,4,0,23.5418852419,29,0
