Id,Label,Interval,Modularity Class,Component ID,Grado con pesos,Grado,giantcomponent
1014.0,understanding,,8,0,15.5003486499,24,0
1060.0,advance,,8,0,32.8996567801,21,0
1026.0,understand,,8,0,28.7065229043,20,0
4537.0,adequate,,8,0,10.4317185879,19,0
670.0,development,,8,0,25.1007698774,17,0
462.0,certain,,8,0,9.12414894253,15,0
1567.0,reference,,8,0,12.7388666868,14,0
862.0,process,,8,0,14.40279378,13,0
1697.0,weakness,,8,0,16.234431386,13,0
555.0,budget,,8,0,14.9643168747,12,0
