Id,Label,Interval,Modularity Class,Component ID,Grado con pesos,Grado,giantcomponent
3082.0,swim,,16,0,13.1189673021,26,0
2811.0,nerve,,16,0,16.00426393,25,0
2976.0,setting,,16,0,16.5333415419,23,0
2977.0,italian,,16,0,16.5333415419,23,0
2775.0,slice,,16,0,19.6604898721,21,0
2822.0,soft,,16,0,19.6604898721,21,0
1867.0,chapter,,16,0,16.3190073743,20,0
2731.0,amateur,,16,0,11.1252614558,20,0
3044.0,candy,,16,0,8.62435432523,20,0
1563.0,motor,,16,0,15.1307663843,19,0
