Id,Label,Interval,Modularity Class,Component ID,Grado con pesos,Grado,giantcomponent
4579.0,stick,,21,0,15.5196868032,24,0
2711.0,personality,,21,0,14.111797303,21,0
1091.0,fix,,21,0,6.9701590389,16,0
4655.0,vow,,21,0,14.3896063343,16,0
1879.0,hero,,21,0,10.1834982187,15,0
1642.0,trip,,21,0,9.87128347158,13,0
2900.0,rare,,21,0,12.6342565715,11,0
816.0,summer,,21,0,8.68665963411,10,0
1280.0,huge,,21,0,4.56788983941,10,0
2888.0,talent,,21,0,14.6704984605,10,0
