Id,Label,Interval,Modularity Class,Component ID,Grado con pesos,Grado,giantcomponent
3384.0,market,,10,0,37.6279151812,35,0
4046.0,earning,,10,0,20.4574256241,33,0
4032.0,investor,,10,0,19.7702116892,32,0
4097.0,marketing,,10,0,16.7313541099,30,0
2173.0,compare,,10,0,18.6555587128,28,0
4054.0,corn,,10,0,13.6036568433,27,0
4094.0,production,,10,0,25.6797660738,27,0
1357.0,equipment,,10,0,22.4271268845,25,0
4052.0,competitive,,10,0,16.028380163,24,0
179.0,price,,10,0,20.4423170164,23,0
