Id,Label,Interval,Modularity Class,Component ID,Grado con pesos,Grado,giantcomponent
1498.0,sewer,,2,0,14.757926546,19,0
208.0,file,,2,0,9.02501185238,17,0
454.0,gun,,2,0,4.53461682051,17,0
458.0,sheriff,,2,0,8.10633794218,17,0
233.0,brief,,2,0,12.0738097727,16,0
324.0,adjustment,,2,0,12.0738097727,16,0
3661.0,corporate,,2,0,10.2492605224,16,0
21.0,investigate,,2,0,13.3668914735,15,0
202.0,pension,,2,0,10.0948412567,15,0
1731.0,object,,2,0,7.5809745267,15,0
