Id,Label,Interval,Modularity Class,Component ID,Grado con pesos,Grado,giantcomponent
3223.0,fun,,18,0,31.4950433522,32,0
3016.0,handsome,,18,0,26.6047111377,31,0
4279.0,designer,,18,0,30.5694586858,30,0
4461.0,yellow,,18,0,30.5694586858,30,0
3273.0,ballroom,,18,0,26.7968227565,27,0
4301.0,charm,,18,0,23.2019879892,26,0
4308.0,lively,,18,0,20.3991296515,25,0
4340.0,athlete,,18,0,20.3991296515,25,0
3037.0,typical,,18,0,12.9774949551,23,0
1531.0,love,,18,0,18.8029015958,22,0
