Id,Label,Interval,Modularity Class,Component ID,Grado con pesos,Grado,giantcomponent
772.0,police,,3,0,59.9573815838,47,0
331.0,construction,,3,0,36.8864463121,34,0
470.0,hearing,,3,0,30.2935812026,33,0
219.0,attorney,,3,0,31.0277243555,26,0
798.0,admit,,3,0,29.5413843617,25,0
222.0,property,,3,0,25.6138330996,24,0
777.0,arrest,,3,0,22.1554486603,24,0
1000.0,cabinet,,3,0,26.2667128593,24,0
1.0,investigation,,3,0,16.9025313556,23,0
137.0,court,,3,0,14.4314646795,23,0
