Id,Label,Interval,Modularity Class,Component ID,Grado con pesos,Grado,giantcomponent
1636.0,pledge,,9,0,11.8738913536,15,0
1661.0,tract,,9,0,11.7035424188,10,0
2128.0,explosive,,9,0,3.96762908995,10,0
425.0,calm,,9,0,4.97187138349,9,0
1490.0,meaning,,9,0,4.33171674609,9,0
2064.0,animal,,9,0,7.27587020397,9,0
2108.0,teamster,,9,0,7.27587020397,9,0
441.0,violence,,9,0,3.14705359191,8,0
2038.0,intervene,,9,0,4.89002301544,8,0
4624.0,wash,,9,0,5.24669795483,8,0
