Id,Label,Interval,Modularity Class,Component ID,Grado con pesos,Grado,giantcomponent
840.0,significance,,23,0,15.9856182933,19,0
3903.0,scientific,,23,0,13.2788235992,16,0
4206.0,implement,,23,0,16.1371946931,16,0
2234.0,nominate,,23,0,7.60196633637,15,0
2578.0,organ,,23,0,13.1641852036,15,0
3428.0,suburban,,23,0,11.4731675833,15,0
1367.0,enemy,,23,0,7.21144383401,14,0
2954.0,success,,23,0,9.25940686464,13,0
787.0,client,,23,0,4.80453839898,12,0
1411.0,grocery,,23,0,7.16448885947,12,0
