Id,Label,Interval,Modularity Class,Component ID,Grado con pesos,Grado,giantcomponent
3361.0,murder,,24,0,13.8694132715,18,0
2247.0,mature,,24,0,10.6202952564,17,0
171.0,elaborate,,24,0,11.1265594363,16,0
444.0,death,,24,0,13.1833547875,16,0
2210.0,delegate,,24,0,11.4510037452,16,0
2994.0,hint,,24,0,6.31010755152,16,0
3640.0,grade,,24,0,11.2311308309,16,0
2942.0,uncle,,24,0,11.1851125732,15,0
2943.0,aunt,,24,0,11.1851125732,15,0
3116.0,civilian,,24,0,6.1706475541,15,0
