Id,Label,Interval,Modularity Class,Component ID,Grado con pesos,Grado,giantcomponent
2851.0,drag,,12,0,9.28758791089,18,0
2891.0,blond,,12,0,15.4827219844,17,0
2894.0,ultimate,,12,0,12.2662621066,17,0
2901.0,possess,,12,0,15.4827219844,17,0
2917.0,mantle,,12,0,15.4827219844,17,0
2360.0,pound,,12,0,9.79604630917,16,0
2897.0,peak,,12,0,9.81729707122,16,0
2066.0,catcher,,12,0,11.3040575013,15,0
2872.0,recall,,12,0,9.93404622376,15,0
2324.0,bunt,,12,0,12.7304887772,14,0
