Id,Label,Interval,Modularity Class,Component ID,Grado con pesos,Grado,giantcomponent
1332.0,stem,,6,0,14.7056684047,23,0
1016.0,very,,6,0,20.5590492561,22,0
3389.0,vary,,6,0,16.1942336112,20,0
3947.0,mechanism,,6,0,13.7127399743,20,0
1431.0,enterprise,,6,0,10.6536796093,18,0
3768.0,profession,,6,0,10.5576673001,18,0
1126.0,european,,6,0,9.0357953012,17,0
1039.0,circumstance,,6,0,7.66438362002,15,0
1111.0,application,,6,0,10.1116307974,15,0
168.0,eliminate,,6,0,6.15628746152,14,0
