Id,Label,Interval,Modularity Class,Component ID,Grado con pesos,Grado,giantcomponent
2126.0,wheel,,15,0,10.2449007779,14,0
2602.0,conductor,,15,0,12.8793961331,14,0
2669.0,red,,15,0,6.34819507599,12,0
2060.0,male,,15,0,5.9002109915,10,0
2665.0,powerful,,15,0,3.24596007168,10,0
4733.0,ancient,,15,0,6.86647138,10,0
2646.0,lifetime,,15,0,4.20304763317,9,0
4152.0,dull,,15,0,7.46623432636,8,0
4715.0,style,,15,0,10.5212347656,8,0
2586.0,tag,,15,0,7.46385669708,7,0
